date,product,category,region,quantity,unit_price,revenue
2026-04-12,Tablet,Electronics,Bursa,4,16396.0,65584.0
2026-04-16,Mouse,Accessories,Istanbul,10,1138.11,11381.1
2026-03-30,Monitor,Electronics,Ankara,2,7931.16,15862.32
2026-03-02,Phone,Electronics,Bursa,2,22296.74,44593.48
2026-04-23,Headphones,Electronics,Izmir,1,3664.0,3664.0
2026-06-03,Phone,Electronics,Adana,10,20623.8,206238.0
2026-08-22,Laptop,Electronics,Antalya,6,33683.23,202099.38
2026-02-11,Laptop,Electronics,Bursa,7,34577.74,242044.18
2026-06-20,Monitor,Electronics,Adana,6,8261.42,49568.52
2026-10-28,Headphones,Electronics,Antalya,4,3403.99,13615.96
2026-08-17,Headphones,Electronics,Ankara,1,3157.79,3157.79
2026-09-19,Webcam,Accessories,Adana,6,2785.29,16711.74
2026-03-04,Monitor,Electronics,Izmir,8,8185.91,65487.28
2026-05-02,Monitor,Electronics,Adana,9,8652.38,77871.42
2026-12-09,Headphones,Electronics,Istanbul,10,3743.63,37436.3
2026-06-11,Phone,Electronics,Adana,10,23943.08,239430.8
2026-10-29,Tablet,Electronics,Bursa,8,15458.68,123669.44
2026-10-24,Keyboard,Accessories,Antalya,1,2593.43,2593.43
2026-12-08,Tablet,Electronics,Izmir,1,14018.46,14018.46
2026-03-02,Mouse,Accessories,Izmir,4,1107.86,4431.44
2026-12-03,Tablet,Electronics,Antalya,7,14670.97,102696.79
2026-08-10,Laptop,Electronics,Adana,8,34772.05,278176.4
2026-12-11,Mouse,Accessories,Adana,2,1261.82,2523.64
2026-01-14,Webcam,Accessories,Izmir,2,3242.53,6485.06
2026-12-25,Keyboard,Accessories,Bursa,3,2429.9,7289.7
2026-01-22,Laptop,Electronics,Adana,7,37448.29,262138.03
2026-10-05,Phone,Electronics,Izmir,4,23484.29,93937.16
2026-05-27,Mouse,Accessories,Adana,4,1299.23,5196.92
2026-02-15,Headphones,Electronics,Bursa,6,3628.24,21769.44
2026-05-17,Keyboard,Accessories,Adana,9,2645.71,23811.39
2026-03-31,Monitor,Electronics,Ankara,6,8538.09,51228.54
2026-08-06,Phone,Electronics,Ankara,8,23254.35,186034.8
2026-01-16,Monitor,Electronics,Ankara,3,8925.71,26777.13
2026-06-12,Phone,Electronics,Bursa,3,21074.47,63223.41
2026-01-11,Monitor,Electronics,Bursa,5,8498.13,42490.65
2026-03-28,Keyboard,Accessories,Antalya,10,2424.28,24242.8
2026-04-19,Laptop,Electronics,Adana,3,36404.71,109214.13
2026-11-17,Phone,Electronics,Bursa,7,21218.22,148527.54
2026-01-24,Headphones,Electronics,Izmir,3,3517.34,10552.02
2026-04-11,Headphones,Electronics,Izmir,9,3416.26,30746.34
2026-04-09,Headphones,Electronics,Istanbul,9,3388.23,30494.07
2026-05-23,Keyboard,Accessories,Antalya,7,2351.53,16460.71
2026-03-09,Mouse,Accessories,Istanbul,8,1135.83,9086.64
2026-02-28,Laptop,Electronics,Bursa,3,32269.99,96809.97
2026-04-25,Phone,Electronics,Istanbul,4,23016.71,92066.84
2026-07-25,Laptop,Electronics,Antalya,1,34458.54,34458.54
2026-03-07,Webcam,Accessories,Bursa,1,2965.51,2965.51
2026-06-29,Headphones,Electronics,Bursa,2,3689.81,7379.62
2026-03-02,Webcam,Accessories,Antalya,2,2931.58,5863.16
2026-12-22,Mouse,Accessories,Antalya,10,1314.13,13141.3
2026-11-20,Tablet,Electronics,Adana,3,16110.69,48332.07
2026-06-26,Laptop,Electronics,Adana,8,38304.46,306435.68
2026-01-01,Tablet,Electronics,Bursa,2,15544.54,31089.08
2026-06-15,Tablet,Electronics,Izmir,4,14600.22,58400.88
2026-07-18,Keyboard,Accessories,Bursa,5,2502.9,12514.5
2026-02-22,Mouse,Accessories,Istanbul,3,1191.24,3573.72
2026-12-14,Mouse,Accessories,Izmir,1,1259.8,1259.8
2026-05-28,Laptop,Electronics,Istanbul,3,37118.26,111354.78
2026-03-19,Mouse,Accessories,Istanbul,8,1090.87,8726.96
2026-03-22,Webcam,Accessories,Istanbul,3,3153.63,9460.89
2026-05-19,Mouse,Accessories,Adana,9,1277.46,11497.14
2026-06-15,Phone,Electronics,Istanbul,7,21289.9,149029.3
2026-04-18,Laptop,Electronics,Antalya,1,38365.45,38365.45
2026-07-28,Webcam,Accessories,Izmir,10,2893.79,28937.9
2026-12-12,Keyboard,Accessories,Istanbul,8,2323.73,18589.84
2026-07-20,Laptop,Electronics,Izmir,6,35272.86,211637.16
2026-09-11,Keyboard,Accessories,Bursa,2,2735.28,5470.56
2026-02-22,Headphones,Electronics,Ankara,7,3560.02,24920.14
2026-12-27,Phone,Electronics,Istanbul,6,22856.6,137139.6
2026-09-07,Laptop,Electronics,Antalya,7,38472.15,269305.05
2026-12-12,Tablet,Electronics,Izmir,9,15820.45,142384.05
2026-01-19,Phone,Electronics,Antalya,6,20877.66,125265.96
2026-08-19,Mouse,Accessories,Izmir,7,1265.96,8861.72
2026-08-28,Phone,Electronics,Adana,2,20338.24,40676.48
2026-11-16,Mouse,Accessories,Istanbul,3,1199.56,3598.68
2026-12-14,Phone,Electronics,Istanbul,7,21931.95,153523.65
2026-09-05,Keyboard,Accessories,Ankara,10,2518.5,25185.0
2026-02-27,Mouse,Accessories,Istanbul,10,1255.61,12556.1
2026-06-24,Keyboard,Accessories,Istanbul,2,2379.68,4759.36
2026-02-13,Headphones,Electronics,Adana,6,3172.86,19037.16
2026-11-05,Mouse,Accessories,Antalya,3,1175.65,3526.95
2026-09-19,Mouse,Accessories,Izmir,6,1171.38,7028.28
2026-06-04,Phone,Electronics,Izmir,4,21061.31,84245.24
2026-09-17,Keyboard,Accessories,Izmir,8,2503.56,20028.48
2026-01-30,Headphones,Electronics,Adana,8,3394.96,27159.68
2026-10-27,Headphones,Electronics,Izmir,1,3408.85,3408.85
2026-04-25,Webcam,Accessories,Adana,8,3137.92,25103.36
2026-09-04,Headphones,Electronics,Istanbul,7,3364.93,23554.51
2026-03-10,Mouse,Accessories,Bursa,3,1223.2,3669.6
2026-09-11,Webcam,Accessories,Antalya,10,3161.46,31614.6
2026-01-01,Headphones,Electronics,Istanbul,1,3762.58,3762.58
2026-08-22,Laptop,Electronics,Ankara,9,34237.26,308135.34
2026-03-16,Tablet,Electronics,Adana,1,14725.21,14725.21
2026-10-03,Webcam,Accessories,Bursa,4,3113.06,12452.24
2026-02-05,Phone,Electronics,Istanbul,8,23502.05,188016.4
2026-09-13,Keyboard,Accessories,Istanbul,10,2553.6,25536.0
2026-03-05,Mouse,Accessories,Izmir,5,1183.65,5918.25
2026-08-23,Mouse,Accessories,Istanbul,9,1114.06,10026.54
2026-04-25,Mouse,Accessories,Antalya,1,1132.25,1132.25
2026-01-17,Laptop,Electronics,Adana,7,35905.97,251341.79
2026-03-22,Headphones,Electronics,Adana,7,3711.85,25982.95
2026-09-14,Mouse,Accessories,Antalya,4,1206.96,4827.84
2026-11-14,Webcam,Accessories,Ankara,9,2903.03,26127.27
2026-03-30,Phone,Electronics,Adana,8,23643.35,189146.8
2026-10-25,Mouse,Accessories,Bursa,6,1185.31,7111.86
2026-04-18,Tablet,Electronics,Ankara,6,14578.72,87472.32
2026-11-02,Mouse,Accessories,Antalya,7,1253.84,8776.88
2026-05-06,Keyboard,Accessories,Istanbul,1,2336.66,2336.66
2026-02-24,Keyboard,Accessories,Ankara,2,2305.12,4610.24
2026-08-10,Keyboard,Accessories,Bursa,7,2313.53,16194.71
2026-10-06,Headphones,Electronics,Antalya,7,3750.73,26255.11
2026-06-12,Tablet,Electronics,Izmir,5,14807.51,74037.55
2026-03-16,Laptop,Electronics,Antalya,10,35205.02,352050.2
2026-11-12,Keyboard,Accessories,Adana,7,2329.36,16305.52
2026-07-21,Laptop,Electronics,Istanbul,2,36926.9,73853.8
2026-12-27,Keyboard,Accessories,Ankara,3,2651.92,7955.76
2026-06-25,Mouse,Accessories,Bursa,7,1160.4,8122.8
2026-04-22,Webcam,Accessories,Izmir,5,3118.34,15591.7
2026-01-05,Laptop,Electronics,Ankara,10,38144.92,381449.2
2026-02-09,Keyboard,Accessories,Ankara,5,2691.23,13456.15
2026-08-25,Headphones,Electronics,Bursa,4,3757.34,15029.36
2026-03-24,Mouse,Accessories,Izmir,5,1265.18,6325.9
2026-07-14,Mouse,Accessories,Adana,8,1197.86,9582.88
2026-12-19,Keyboard,Accessories,Istanbul,1,2687.49,2687.49
2026-02-10,Mouse,Accessories,Antalya,8,1275.72,10205.76
2026-02-19,Phone,Electronics,Bursa,8,23538.39,188307.12
2026-10-12,Monitor,Electronics,Bursa,5,8614.6,43073.0
2026-07-10,Headphones,Electronics,Ankara,9,3817.54,34357.86
2026-06-24,Tablet,Electronics,Antalya,7,15106.63,105746.41
2026-11-14,Headphones,Electronics,Izmir,8,3410.39,27283.12
2026-12-20,Monitor,Electronics,Adana,1,8577.18,8577.18
2026-05-22,Keyboard,Accessories,Antalya,4,2528.5,10114.0
2026-03-10,Tablet,Electronics,Istanbul,2,16148.42,32296.84
2026-10-06,Mouse,Accessories,Antalya,9,1184.68,10662.12
2026-08-24,Mouse,Accessories,Bursa,8,1080.7,8645.6
2026-04-21,Tablet,Electronics,Ankara,6,15515.54,93093.24
2026-10-22,Keyboard,Accessories,Bursa,5,2706.34,13531.7
2026-03-24,Keyboard,Accessories,Izmir,2,2616.82,5233.64
2026-03-06,Headphones,Electronics,Ankara,3,3475.05,10425.15
2026-09-27,Phone,Electronics,Ankara,5,21430.93,107154.65
2026-07-05,Monitor,Electronics,Ankara,6,8676.2,52057.2
2026-09-06,Headphones,Electronics,Bursa,10,3299.12,32991.2
2026-12-26,Headphones,Electronics,Izmir,2,3534.5,7069.0
2026-02-04,Phone,Electronics,Antalya,2,23111.91,46223.82
2026-02-18,Webcam,Accessories,Ankara,2,3196.39,6392.78
2026-06-14,Headphones,Electronics,Istanbul,4,3633.6,14534.4
2026-07-24,Keyboard,Accessories,Izmir,4,2627.9,10511.6
2026-01-08,Phone,Electronics,Ankara,6,20836.97,125021.82
2026-07-15,Tablet,Electronics,Izmir,1,13860.48,13860.48
2026-11-17,Keyboard,Accessories,Adana,9,2503.16,22528.44
2026-07-31,Phone,Electronics,Istanbul,7,23804.83,166633.81
2026-12-04,Headphones,Electronics,Izmir,1,3402.43,3402.43
2026-10-07,Keyboard,Accessories,Istanbul,7,2677.99,18745.93
2026-04-12,Laptop,Electronics,Bursa,10,33841.0,338410.0
2026-08-10,Phone,Electronics,Adana,7,23652.95,165570.65
2026-11-21,Webcam,Accessories,Ankara,4,3050.45,12201.8
2026-08-15,Headphones,Electronics,Istanbul,3,3235.74,9707.22
2026-02-01,Tablet,Electronics,Adana,6,14576.85,87461.1
2026-06-03,Mouse,Accessories,Ankara,3,1196.57,3589.71
2026-05-05,Laptop,Electronics,Bursa,1,36518.28,36518.28
2026-10-12,Monitor,Electronics,Ankara,3,8625.7,25877.1
2026-04-20,Laptop,Electronics,Izmir,4,34373.42,137493.68
2026-04-07,Tablet,Electronics,Antalya,4,14520.73,58082.92
2026-04-09,Headphones,Electronics,Bursa,7,3627.5,25392.5
2026-03-21,Headphones,Electronics,Izmir,10,3604.82,36048.2
2026-03-16,Webcam,Accessories,Istanbul,3,2888.17,8664.51
2026-01-24,Monitor,Electronics,Istanbul,9,7919.73,71277.57
2026-02-17,Keyboard,Accessories,Istanbul,8,2748.7,21989.6
2026-07-25,Phone,Electronics,Ankara,9,22776.72,204990.48
2026-03-24,Tablet,Electronics,Izmir,7,15780.94,110466.58
2026-04-09,Webcam,Accessories,Izmir,9,2844.1,25596.9
2026-08-01,Webcam,Accessories,Bursa,5,3167.03,15835.15
2026-04-14,Webcam,Accessories,Ankara,4,3291.35,13165.4
2026-04-19,Webcam,Accessories,Bursa,10,3183.15,31831.5
2026-12-04,Mouse,Accessories,Bursa,9,1279.37,11514.33
2026-03-24,Webcam,Accessories,Izmir,8,2724.26,21794.08
2026-07-29,Webcam,Accessories,Bursa,7,3203.47,22424.29
2026-08-14,Headphones,Electronics,Antalya,4,3433.18,13732.72
2026-10-31,Phone,Electronics,Antalya,6,20319.72,121918.32
2026-11-29,Keyboard,Accessories,Bursa,9,2310.88,20797.92
2026-01-17,Keyboard,Accessories,Antalya,4,2679.65,10718.6
2026-05-25,Headphones,Electronics,Istanbul,6,3176.39,19058.34
2026-10-02,Keyboard,Accessories,Istanbul,9,2397.16,21574.44
2026-11-23,Mouse,Accessories,Ankara,5,1214.43,6072.15
2026-05-13,Mouse,Accessories,Istanbul,1,1276.02,1276.02
2026-08-22,Webcam,Accessories,Antalya,8,2802.16,22417.28
2026-10-12,Tablet,Electronics,Ankara,4,14558.97,58235.88
2026-02-27,Keyboard,Accessories,Bursa,7,2351.77,16462.39
2026-05-01,Keyboard,Accessories,Ankara,1,2563.99,2563.99
2026-12-28,Keyboard,Accessories,Bursa,8,2447.58,19580.64
2026-03-20,Laptop,Electronics,Bursa,5,37213.64,186068.2
2026-04-09,Mouse,Accessories,Bursa,2,1102.93,2205.86
2026-12-18,Keyboard,Accessories,Antalya,6,2302.72,13816.32
2026-07-28,Laptop,Electronics,Istanbul,5,36997.26,184986.3
2026-12-29,Headphones,Electronics,Ankara,7,3497.79,24484.53
2026-01-01,Laptop,Electronics,Ankara,4,33779.39,135117.56
2026-05-23,Headphones,Electronics,Bursa,7,3691.21,25838.47
2026-03-27,Tablet,Electronics,Bursa,9,14289.35,128604.15
2026-12-12,Headphones,Electronics,Ankara,7,3452.91,24170.37
2026-11-12,Webcam,Accessories,Adana,2,3142.32,6284.64
2026-11-07,Tablet,Electronics,Antalya,7,14698.73,102891.11
2026-03-02,Laptop,Electronics,Antalya,6,36497.62,218985.72
2026-09-01,Laptop,Electronics,Antalya,10,38286.76,382867.6
2026-07-20,Laptop,Electronics,Bursa,1,34916.9,34916.9
2026-05-13,Laptop,Electronics,Adana,8,34733.63,277869.04
2026-06-24,Phone,Electronics,Adana,1,20301.75,20301.75
2026-12-02,Keyboard,Accessories,Ankara,10,2413.47,24134.7
2026-05-04,Phone,Electronics,Ankara,9,22692.57,204233.13
2026-11-26,Monitor,Electronics,Ankara,3,7942.61,23827.83
2026-12-05,Headphones,Electronics,Adana,7,3442.42,24096.94
2026-03-16,Phone,Electronics,Bursa,8,20053.01,160424.08
2026-07-08,Monitor,Electronics,Bursa,4,8429.45,33717.8
2026-07-12,Laptop,Electronics,Bursa,9,34631.41,311682.69
2026-08-08,Headphones,Electronics,Adana,4,3560.19,14240.76
2026-04-18,Keyboard,Accessories,Izmir,2,2639.43,5278.86
2026-05-14,Phone,Electronics,Ankara,4,22169.23,88676.92
2026-06-18,Laptop,Electronics,Antalya,5,37568.45,187842.25
2026-11-30,Phone,Electronics,Bursa,5,21109.9,105549.5
2026-03-10,Headphones,Electronics,Istanbul,9,3202.64,28823.76
2026-06-19,Phone,Electronics,Izmir,1,23287.48,23287.48
2026-03-15,Mouse,Accessories,Ankara,1,1299.24,1299.24
2026-03-26,Laptop,Electronics,Antalya,10,32291.91,322919.1
2026-03-03,Laptop,Electronics,Adana,3,38200.36,114601.08
2026-11-12,Phone,Electronics,Ankara,10,23537.64,235376.4
2026-04-25,Mouse,Accessories,Antalya,9,1243.65,11192.85
2026-05-05,Monitor,Electronics,Ankara,3,8398.54,25195.62
2026-05-16,Phone,Electronics,Antalya,5,21974.4,109872.0
2026-07-31,Headphones,Electronics,Antalya,3,3513.01,10539.03
2026-05-04,Keyboard,Accessories,Adana,4,2265.29,9061.16
2026-11-12,Laptop,Electronics,Istanbul,6,33608.82,201652.92
2026-05-25,Monitor,Electronics,Adana,6,8843.19,53059.14
2026-11-04,Monitor,Electronics,Izmir,7,7682.97,53780.79
2026-03-06,Headphones,Electronics,Izmir,9,3614.92,32534.28
2026-11-21,Phone,Electronics,Izmir,3,22387.32,67161.96
2026-02-13,Webcam,Accessories,Izmir,4,2877.87,11511.48
2026-05-22,Phone,Electronics,Istanbul,7,23722.45,166057.15
2026-09-15,Tablet,Electronics,Izmir,7,15500.08,108500.56
2026-12-05,Headphones,Electronics,Ankara,10,3394.82,33948.2
2026-07-08,Phone,Electronics,Istanbul,3,22048.89,66146.67
2026-02-24,Laptop,Electronics,Istanbul,7,36448.29,255138.03
2026-12-31,Tablet,Electronics,Antalya,1,15199.86,15199.86
2026-07-12,Keyboard,Accessories,Bursa,10,2576.23,25762.3
2026-11-08,Webcam,Accessories,Antalya,6,3146.09,18876.54
2026-05-02,Phone,Electronics,Antalya,4,23078.33,92313.32
2026-02-28,Monitor,Electronics,Adana,6,8733.8,52402.8
2026-12-03,Mouse,Accessories,Adana,2,1271.59,2543.18
2026-10-03,Mouse,Accessories,Istanbul,7,1280.85,8965.95
2026-09-03,Monitor,Electronics,Adana,7,8032.51,56227.57
2026-05-12,Monitor,Electronics,Bursa,4,9261.31,37045.24
2026-05-15,Tablet,Electronics,Adana,4,14596.79,58387.16
2026-10-03,Monitor,Electronics,Bursa,6,8689.45,52136.7
2026-01-06,Monitor,Electronics,Izmir,9,8834.45,79510.05
2026-07-14,Headphones,Electronics,Izmir,4,3843.84,15375.36
2026-12-24,Monitor,Electronics,Bursa,2,8413.56,16827.12
2026-07-25,Laptop,Electronics,Istanbul,7,35235.88,246651.16
2026-01-07,Monitor,Electronics,Istanbul,1,8158.68,8158.68
2026-12-19,Tablet,Electronics,Antalya,6,13718.75,82312.5
2026-01-26,Webcam,Accessories,Adana,5,3259.65,16298.25
2026-09-04,Monitor,Electronics,Izmir,5,9218.99,46094.95
2026-05-16,Tablet,Electronics,Adana,7,16338.18,114367.26
2026-09-13,Monitor,Electronics,Antalya,1,8098.11,8098.11
2026-03-24,Laptop,Electronics,Bursa,4,37404.53,149618.12
2026-12-26,Laptop,Electronics,Bursa,2,37325.61,74651.22
2026-07-24,Mouse,Accessories,Bursa,9,1277.76,11499.84
2026-09-11,Tablet,Electronics,Adana,4,15375.68,61502.72
2026-04-10,Mouse,Accessories,Adana,5,1148.37,5741.85
2026-10-23,Headphones,Electronics,Ankara,4,3294.46,13177.84
2026-11-05,Webcam,Accessories,Bursa,2,3065.45,6130.9
2026-02-16,Phone,Electronics,Antalya,10,23825.8,238258.0
2026-01-10,Headphones,Electronics,Izmir,3,3791.03,11373.09
2026-10-07,Mouse,Accessories,Ankara,7,1212.05,8484.35
2026-09-02,Laptop,Electronics,Bursa,6,31645.42,189872.52
2026-05-27,Laptop,Electronics,Istanbul,6,32157.63,192945.78
2026-06-22,Monitor,Electronics,Izmir,2,9105.55,18211.1
2026-04-05,Headphones,Electronics,Bursa,5,3178.29,15891.45
2026-05-12,Headphones,Electronics,Ankara,5,3507.58,17537.9
2026-04-13,Tablet,Electronics,Istanbul,3,14740.37,44221.11
2026-04-15,Mouse,Accessories,Izmir,2,1234.75,2469.5
2026-06-05,Tablet,Electronics,Ankara,10,13790.72,137907.2
2026-06-13,Webcam,Accessories,Istanbul,3,3181.71,9545.13
2026-01-11,Mouse,Accessories,Istanbul,9,1251.99,11267.91
2026-03-24,Laptop,Electronics,Izmir,1,35048.43,35048.43
2026-10-09,Phone,Electronics,Adana,7,23631.42,165419.94
2026-08-02,Tablet,Electronics,Bursa,9,15625.19,140626.71
2026-05-27,Mouse,Accessories,Adana,7,1134.89,7944.23
2026-02-01,Keyboard,Accessories,Adana,8,2527.39,20219.12
2026-08-31,Mouse,Accessories,Ankara,3,1250.61,3751.83
2026-10-18,Headphones,Electronics,Adana,1,3791.86,3791.86
2026-02-11,Mouse,Accessories,Adana,4,1172.73,4690.92
2026-04-02,Phone,Electronics,Antalya,8,23088.96,184711.68
2026-11-26,Headphones,Electronics,Antalya,5,3364.7,16823.5
2026-07-29,Headphones,Electronics,Istanbul,6,3692.3,22153.8
2026-06-15,Mouse,Accessories,Adana,8,1084.44,8675.52
2026-07-15,Headphones,Electronics,Adana,9,3566.67,32100.03
2026-04-22,Webcam,Accessories,Istanbul,9,2917.46,26257.14
2026-04-14,Webcam,Accessories,Adana,1,3025.2,3025.2
2026-03-22,Tablet,Electronics,Bursa,9,13563.4,122070.6
2026-04-17,Laptop,Electronics,Izmir,1,33294.35,33294.35
2026-03-01,Mouse,Accessories,Istanbul,10,1286.99,12869.9
2026-12-24,Mouse,Accessories,Adana,8,1204.28,9634.24
2026-11-05,Headphones,Electronics,Ankara,2,3282.47,6564.94
2026-03-27,Phone,Electronics,Adana,8,22603.61,180828.88
2026-12-17,Mouse,Accessories,Istanbul,10,1144.81,11448.1
2026-08-30,Phone,Electronics,Adana,2,20210.87,40421.74
2026-02-09,Keyboard,Accessories,Istanbul,8,2720.63,21765.04
2026-01-29,Monitor,Electronics,Ankara,3,8414.84,25244.52
2026-06-22,Phone,Electronics,Adana,10,24073.09,240730.9
2026-12-06,Webcam,Accessories,Bursa,7,3216.46,22515.22
2026-12-09,Tablet,Electronics,Bursa,7,16246.58,113726.06
2026-03-04,Mouse,Accessories,Bursa,4,1195.61,4782.44
2026-07-21,Tablet,Electronics,Izmir,7,14430.39,101012.73
2026-01-24,Keyboard,Accessories,Bursa,7,2522.26,17655.82
2026-11-17,Monitor,Electronics,Antalya,2,7676.71,15353.42
2026-02-04,Mouse,Accessories,Bursa,7,1260.45,8823.15
2026-08-10,Webcam,Accessories,Izmir,9,2822.62,25403.58
2026-08-26,Mouse,Accessories,Ankara,6,1281.99,7691.94
2026-12-27,Keyboard,Accessories,Ankara,3,2496.06,7488.18
2026-10-15,Phone,Electronics,Bursa,2,21560.6,43121.2
2026-12-19,Mouse,Accessories,Antalya,7,1193.33,8353.31
2026-01-17,Monitor,Electronics,Istanbul,7,8323.55,58264.85
2026-05-26,Monitor,Electronics,Istanbul,4,8464.62,33858.48
2026-09-25,Laptop,Electronics,Istanbul,2,36228.8,72457.6
2026-08-08,Headphones,Electronics,Adana,4,3337.94,13351.76
2026-12-22,Tablet,Electronics,Antalya,8,15091.39,120731.12
2026-11-15,Monitor,Electronics,Antalya,9,8237.88,74140.92
2026-05-29,Laptop,Electronics,Bursa,5,33928.62,169643.1
2026-01-27,Keyboard,Accessories,Bursa,3,2714.06,8142.18
2026-01-20,Mouse,Accessories,Izmir,2,1135.92,2271.84
2026-09-07,Tablet,Electronics,Bursa,7,14705.07,102935.49
2026-01-27,Tablet,Electronics,Adana,1,15713.38,15713.38
2026-05-10,Phone,Electronics,Bursa,2,23850.33,47700.66
2026-01-01,Tablet,Electronics,Adana,5,13738.25,68691.25
2026-03-19,Laptop,Electronics,Bursa,2,31907.34,63814.68
2026-04-17,Mouse,Accessories,Adana,5,1114.94,5574.7
2026-03-31,Monitor,Electronics,Bursa,9,9043.11,81387.99
2026-01-15,Tablet,Electronics,Adana,7,16039.01,112273.07
2026-02-12,Laptop,Electronics,Ankara,1,32260.81,32260.81
2026-07-10,Monitor,Electronics,Istanbul,1,8106.54,8106.54
2026-12-14,Phone,Electronics,Antalya,8,23808.22,190465.76
2026-04-04,Phone,Electronics,Ankara,7,21944.7,153612.9
2026-08-03,Phone,Electronics,Istanbul,3,21067.33,63201.99
2026-10-13,Laptop,Electronics,Izmir,2,35105.16,70210.32
2026-08-04,Webcam,Accessories,Bursa,1,2789.42,2789.42
2026-12-17,Tablet,Electronics,Istanbul,8,14161.75,113294.0
2026-11-27,Mouse,Accessories,Bursa,6,1303.57,7821.42
2026-08-17,Tablet,Electronics,Ankara,10,15129.16,151291.6
2026-06-07,Headphones,Electronics,Antalya,10,3283.91,32839.1
2026-06-16,Laptop,Electronics,Adana,6,38410.46,230462.76
2026-08-18,Webcam,Accessories,Istanbul,7,3012.93,21090.51
2026-08-28,Monitor,Electronics,Adana,4,8182.3,32729.2
2026-07-07,Tablet,Electronics,Istanbul,6,14039.41,84236.46
2026-12-11,Tablet,Electronics,Adana,5,16478.88,82394.4
2026-04-05,Monitor,Electronics,Izmir,9,9018.34,81165.06
2026-04-30,Mouse,Accessories,Izmir,8,1162.05,9296.4
2026-11-18,Keyboard,Accessories,Izmir,7,2536.05,17752.35
2026-04-08,Laptop,Electronics,Adana,8,33248.95,265991.6
2026-02-04,Tablet,Electronics,Istanbul,1,16022.28,16022.28
2026-07-27,Webcam,Accessories,Istanbul,7,2869.06,20083.42
2026-06-12,Tablet,Electronics,Istanbul,10,14796.55,147965.5
2026-04-19,Laptop,Electronics,Bursa,5,31864.3,159321.5
2026-07-03,Laptop,Electronics,Istanbul,3,34764.1,104292.3
2026-06-12,Webcam,Accessories,Ankara,5,3260.54,16302.7
2026-03-28,Keyboard,Accessories,Izmir,9,2461.64,22154.76
2026-07-17,Tablet,Electronics,Bursa,8,16116.22,128929.76
2026-12-19,Webcam,Accessories,Antalya,4,3073.48,12293.92
2026-04-26,Headphones,Electronics,Istanbul,10,3226.84,32268.4
2026-03-12,Tablet,Electronics,Adana,2,14249.75,28499.5
2026-12-23,Webcam,Accessories,Adana,5,2722.21,13611.05
2026-11-01,Webcam,Accessories,Izmir,6,2887.19,17323.14
2026-03-15,Mouse,Accessories,Ankara,1,1229.03,1229.03
2026-12-23,Tablet,Electronics,Adana,8,14052.52,112420.16
2026-02-05,Tablet,Electronics,Istanbul,8,14571.25,116570.0
2026-02-09,Tablet,Electronics,Istanbul,3,15042.73,45128.19
2026-09-20,Headphones,Electronics,Ankara,10,3734.56,37345.6
2026-07-02,Monitor,Electronics,Adana,3,8442.01,25326.03
2026-01-11,Tablet,Electronics,Ankara,5,14822.89,74114.45
2026-10-04,Monitor,Electronics,Bursa,3,7743.47,23230.41
2026-06-22,Tablet,Electronics,Ankara,6,15812.43,94874.58
2026-12-13,Mouse,Accessories,Izmir,2,1156.13,2312.26
2026-02-24,Laptop,Electronics,Ankara,4,32890.01,131560.04
2026-01-29,Tablet,Electronics,Adana,2,15191.33,30382.66
2026-08-12,Tablet,Electronics,Antalya,2,13914.01,27828.02
2026-10-09,Keyboard,Accessories,Ankara,10,2275.53,22755.3
2026-01-14,Keyboard,Accessories,Izmir,6,2504.85,15029.1
2026-11-02,Tablet,Electronics,Izmir,2,14844.19,29688.38
2026-04-12,Headphones,Electronics,Bursa,4,3473.38,13893.52
2026-04-12,Laptop,Electronics,Istanbul,7,37293.84,261056.88
2026-02-21,Headphones,Electronics,Antalya,9,3738.29,33644.61
2026-02-05,Headphones,Electronics,Adana,5,3842.15,19210.75
2026-05-11,Laptop,Electronics,Adana,2,32246.72,64493.44
2026-05-28,Tablet,Electronics,Adana,4,16117.22,64468.88
2026-05-24,Monitor,Electronics,Antalya,7,8251.64,57761.48
2026-04-03,Mouse,Accessories,Istanbul,1,1177.52,1177.52
2026-11-29,Headphones,Electronics,Antalya,4,3408.96,13635.84
2026-03-28,Headphones,Electronics,Istanbul,5,3157.73,15788.65
2026-07-28,Monitor,Electronics,Adana,5,8315.3,41576.5
2026-05-01,Mouse,Accessories,Izmir,5,1194.89,5974.45
2026-09-06,Keyboard,Accessories,Adana,1,2405.78,2405.78
2026-11-29,Webcam,Accessories,Izmir,7,3023.48,21164.36
2026-01-01,Mouse,Accessories,Bursa,1,1091.71,1091.71
2026-05-22,Laptop,Electronics,Bursa,5,35584.43,177922.15
2026-04-01,Headphones,Electronics,Bursa,3,3826.07,11478.21
2026-07-29,Keyboard,Accessories,Antalya,3,2345.02,7035.06
2026-12-21,Keyboard,Accessories,Istanbul,8,2468.07,19744.56
2026-03-01,Keyboard,Accessories,Antalya,6,2673.78,16042.68
2026-10-26,Monitor,Electronics,Izmir,5,8685.27,43426.35
2026-05-14,Keyboard,Accessories,Ankara,4,2687.22,10748.88
2026-11-18,Laptop,Electronics,Izmir,6,36569.69,219418.14
2026-03-27,Laptop,Electronics,Ankara,7,36790.46,257533.22
2026-09-06,Webcam,Accessories,Antalya,1,2828.99,2828.99
2026-07-04,Mouse,Accessories,Bursa,4,1114.5,4458.0
2026-11-21,Tablet,Electronics,Antalya,9,13986.37,125877.33
2026-08-15,Headphones,Electronics,Bursa,7,3734.47,26141.29
2026-06-01,Monitor,Electronics,Izmir,8,8124.47,64995.76
2026-09-08,Laptop,Electronics,Istanbul,8,34742.59,277940.72
2026-05-29,Phone,Electronics,Antalya,7,23692.86,165850.02
2026-02-20,Laptop,Electronics,Izmir,6,32585.94,195515.64
2026-08-17,Keyboard,Accessories,Istanbul,9,2583.84,23254.56
2026-02-18,Webcam,Accessories,Istanbul,3,2767.88,8303.64
2026-11-27,Monitor,Electronics,Bursa,8,7658.75,61270.0
2026-03-29,Headphones,Electronics,Istanbul,7,3250.9,22756.3
2026-09-14,Laptop,Electronics,Adana,4,33119.24,132476.96
2026-05-28,Mouse,Accessories,Istanbul,7,1250.73,8755.11
2026-03-03,Monitor,Electronics,Antalya,6,9197.32,55183.92
2026-03-06,Mouse,Accessories,Bursa,1,1253.04,1253.04
2026-04-14,Laptop,Electronics,Antalya,4,33259.3,133037.2
2026-05-06,Tablet,Electronics,Bursa,3,14749.32,44247.96
2026-10-13,Keyboard,Accessories,Istanbul,5,2735.57,13677.85
2026-06-08,Phone,Electronics,Istanbul,3,20975.15,62925.45
2026-01-02,Headphones,Electronics,Istanbul,7,3474.42,24320.94
2026-02-07,Monitor,Electronics,Istanbul,7,9302.01,65114.07
2026-04-30,Headphones,Electronics,Istanbul,10,3267.64,32676.4
2026-09-01,Monitor,Electronics,Adana,3,9327.17,27981.51
2026-05-12,Webcam,Accessories,Istanbul,7,3185.08,22295.56
2026-05-28,Laptop,Electronics,Izmir,9,35851.69,322665.21
2026-02-21,Keyboard,Accessories,Izmir,10,2734.0,27340.0
2026-06-09,Mouse,Accessories,Bursa,5,1194.66,5973.3
2026-02-01,Monitor,Electronics,Adana,1,8081.25,8081.25
2026-01-28,Keyboard,Accessories,Ankara,2,2471.93,4943.86
2026-12-14,Headphones,Electronics,Izmir,1,3481.57,3481.57
2026-01-03,Webcam,Accessories,Antalya,5,2777.15,13885.75
2026-09-23,Keyboard,Accessories,Antalya,2,2321.65,4643.3
2026-07-05,Phone,Electronics,Bursa,1,22562.36,22562.36
2026-01-07,Headphones,Electronics,Antalya,3,3789.16,11367.48
2026-04-15,Mouse,Accessories,Adana,5,1263.28,6316.4
2026-06-04,Mouse,Accessories,Bursa,6,1192.57,7155.42
2026-02-06,Webcam,Accessories,Bursa,4,2764.34,11057.36
2026-03-06,Webcam,Accessories,Izmir,10,2889.9,28899.0
2026-05-03,Mouse,Accessories,Antalya,10,1247.31,12473.1
2026-10-05,Headphones,Electronics,Bursa,9,3568.89,32120.01
2026-05-03,Laptop,Electronics,Izmir,7,34703.06,242921.42
2026-06-19,Mouse,Accessories,Istanbul,10,1096.88,10968.8
2026-05-19,Phone,Electronics,Adana,4,22746.71,90986.84
2026-03-22,Monitor,Electronics,Istanbul,5,7939.68,39698.4
2026-04-08,Phone,Electronics,Izmir,6,21743.44,130460.64
2026-01-30,Tablet,Electronics,Antalya,4,13556.4,54225.6
2026-06-04,Laptop,Electronics,Istanbul,8,34862.65,278901.2
2026-07-05,Keyboard,Accessories,Istanbul,8,2384.03,19072.24
2026-09-29,Webcam,Accessories,Bursa,2,3097.59,6195.18
2026-03-01,Mouse,Accessories,Adana,10,1305.42,13054.2
2026-01-02,Phone,Electronics,Adana,6,21555.17,129331.02
2026-01-26,Monitor,Electronics,Istanbul,2,8488.21,16976.42
2026-12-20,Tablet,Electronics,Izmir,10,15086.21,150862.1
2026-08-16,Headphones,Electronics,Adana,5,3804.54,19022.7
2026-05-09,Webcam,Accessories,Antalya,9,3181.66,28634.94
2026-11-11,Headphones,Electronics,Istanbul,2,3474.62,6949.24
2026-06-15,Headphones,Electronics,Bursa,1,3449.16,3449.16
2026-02-28,Keyboard,Accessories,Izmir,10,2531.5,25315.0
2026-06-28,Tablet,Electronics,Ankara,5,16152.89,80764.45
2026-07-10,Keyboard,Accessories,Izmir,2,2312.82,4625.64
2026-04-26,Tablet,Electronics,Istanbul,3,16101.17,48303.51
2026-09-04,Laptop,Electronics,Antalya,5,37926.82,189634.1
2026-08-23,Laptop,Electronics,Izmir,8,35115.72,280925.76
2026-08-12,Laptop,Electronics,Bursa,1,37803.79,37803.79
2026-05-02,Monitor,Electronics,Bursa,7,8935.3,62547.1
2026-07-01,Tablet,Electronics,Ankara,6,15519.63,93117.78
2026-07-04,Mouse,Accessories,Bursa,4,1141.95,4567.8
2026-06-02,Mouse,Accessories,Istanbul,10,1285.67,12856.7
2026-08-26,Headphones,Electronics,Izmir,4,3199.39,12797.56
2026-07-14,Keyboard,Accessories,Ankara,9,2348.84,21139.56
2026-11-26,Monitor,Electronics,Ankara,8,8890.66,71125.28
2026-10-30,Headphones,Electronics,Istanbul,9,3194.18,28747.62
2026-12-19,Webcam,Accessories,Antalya,9,2989.22,26902.98
2026-09-20,Tablet,Electronics,Bursa,7,15943.64,111605.48
2026-09-22,Headphones,Electronics,Ankara,2,3628.8,7257.6
2026-01-10,Laptop,Electronics,Izmir,4,37193.03,148772.12
2026-07-03,Tablet,Electronics,Ankara,6,16495.13,98970.78
2026-11-10,Webcam,Accessories,Ankara,9,3216.31,28946.79
2026-04-19,Tablet,Electronics,Izmir,7,15888.15,111217.05
2026-02-06,Headphones,Electronics,Ankara,10,3185.73,31857.3
2026-12-25,Phone,Electronics,Ankara,8,23636.07,189088.56
2026-08-16,Laptop,Electronics,Istanbul,2,33725.83,67451.66
2026-10-07,Monitor,Electronics,Adana,2,8072.54,16145.08
2026-11-16,Headphones,Electronics,Adana,1,3811.55,3811.55
2026-05-05,Tablet,Electronics,Antalya,5,16227.41,81137.05
2026-08-09,Monitor,Electronics,Istanbul,5,9162.76,45813.8
2026-06-27,Tablet,Electronics,Antalya,8,13758.32,110066.56
2026-05-12,Tablet,Electronics,Bursa,4,14550.1,58200.4
2026-06-05,Headphones,Electronics,Adana,1,3298.95,3298.95
2026-03-13,Tablet,Electronics,Izmir,8,13736.62,109892.96
2026-03-29,Tablet,Electronics,Adana,6,16286.4,97718.4
2026-07-29,Tablet,Electronics,Adana,3,14543.73,43631.19
2026-09-22,Webcam,Accessories,Istanbul,4,3213.0,12852.0
2026-04-08,Tablet,Electronics,Istanbul,2,16101.41,32202.82
2026-11-21,Phone,Electronics,Izmir,3,20434.35,61303.05
2026-07-25,Tablet,Electronics,Bursa,10,14500.03,145000.3
2026-04-14,Keyboard,Accessories,Ankara,4,2660.97,10643.88
2026-07-27,Monitor,Electronics,Ankara,3,9074.68,27224.04
2026-02-16,Mouse,Accessories,Antalya,7,1267.97,8875.79
2026-04-05,Webcam,Accessories,Adana,7,3075.76,21530.32
2026-04-05,Keyboard,Accessories,Bursa,3,2565.61,7696.83
2026-04-14,Keyboard,Accessories,Adana,8,2352.54,18820.32
2026-05-20,Tablet,Electronics,Bursa,3,15928.99,47786.97
2026-07-19,Monitor,Electronics,Ankara,6,8668.85,52013.1
2026-05-12,Mouse,Accessories,Izmir,1,1137.7,1137.7
2026-06-30,Webcam,Accessories,Antalya,10,2705.29,27052.9
2026-07-03,Laptop,Electronics,Bursa,4,37814.78,151259.12
2026-06-27,Webcam,Accessories,Adana,1,2859.77,2859.77
2026-08-31,Laptop,Electronics,Istanbul,10,34709.04,347090.4
2026-08-23,Keyboard,Accessories,Adana,4,2458.74,9834.96
2026-02-08,Keyboard,Accessories,Izmir,8,2726.59,21812.72
2026-09-22,Keyboard,Accessories,Ankara,8,2462.31,19698.48
2026-03-11,Phone,Electronics,Izmir,10,21053.87,210538.7
2026-03-23,Monitor,Electronics,Izmir,9,7734.96,69614.64
2026-03-08,Webcam,Accessories,Ankara,4,2759.58,11038.32
2026-02-04,Laptop,Electronics,Izmir,8,33013.94,264111.52
2026-08-06,Webcam,Accessories,Ankara,10,2876.63,28766.3
2026-11-19,Webcam,Accessories,Istanbul,9,2733.34,24600.06
2026-11-11,Keyboard,Accessories,Izmir,5,2567.95,12839.75
2026-03-09,Laptop,Electronics,Istanbul,4,38436.09,153744.36
2026-08-30,Tablet,Electronics,Antalya,2,14830.75,29661.5
2026-07-27,Headphones,Electronics,Istanbul,3,3428.28,10284.84
2026-09-18,Monitor,Electronics,Bursa,8,8430.92,67447.36
2026-09-20,Phone,Electronics,Izmir,2,24053.52,48107.04
2026-12-21,Phone,Electronics,Istanbul,3,20273.27,60819.81
2026-01-19,Webcam,Accessories,Antalya,3,3100.39,9301.17
2026-05-23,Laptop,Electronics,Bursa,4,38159.55,152638.2
2026-02-09,Phone,Electronics,Bursa,6,24045.01,144270.06
2026-05-01,Keyboard,Accessories,Adana,1,2355.15,2355.15
2026-01-21,Laptop,Electronics,Ankara,10,36202.42,362024.2
2026-01-13,Mouse,Accessories,Ankara,8,1229.76,9838.08
2026-10-26,Keyboard,Accessories,Ankara,1,2391.88,2391.88
2026-08-16,Webcam,Accessories,Bursa,7,2706.53,18945.71
2026-10-26,Mouse,Accessories,Ankara,6,1192.88,7157.28
2026-11-08,Monitor,Electronics,Ankara,5,8172.5,40862.5
2026-01-06,Webcam,Accessories,Ankara,8,2852.49,22819.92
2026-08-14,Tablet,Electronics,Antalya,3,14625.88,43877.64
2026-03-14,Tablet,Electronics,Ankara,8,14224.87,113798.96
2026-04-23,Keyboard,Accessories,Izmir,5,2254.81,11274.05
2026-03-21,Headphones,Electronics,Izmir,2,3488.34,6976.68
2026-10-12,Keyboard,Accessories,Ankara,10,2440.89,24408.9
2026-08-26,Keyboard,Accessories,Adana,8,2402.9,19223.2
2026-11-04,Headphones,Electronics,Bursa,1,3512.1,3512.1
2026-06-15,Laptop,Electronics,Bursa,5,35557.32,177786.6
2026-02-10,Mouse,Accessories,Ankara,1,1212.58,1212.58
2026-11-08,Mouse,Accessories,Izmir,3,1222.94,3668.82
2026-01-13,Webcam,Accessories,Antalya,8,2962.82,23702.56
2026-01-29,Phone,Electronics,Izmir,1,21221.21,21221.21
2026-07-23,Phone,Electronics,Adana,5,23684.46,118422.3
2026-06-05,Tablet,Electronics,Izmir,6,16218.26,97309.56
2026-12-31,Phone,Electronics,Antalya,10,20316.88,203168.8
2026-01-18,Headphones,Electronics,Izmir,9,3208.7,28878.3
2026-03-21,Mouse,Accessories,Ankara,7,1131.6,7921.2
2026-09-09,Monitor,Electronics,Bursa,5,9117.83,45589.15
2026-04-10,Monitor,Electronics,Antalya,9,8152.12,73369.08
2026-09-24,Webcam,Accessories,Ankara,6,3063.33,18379.98
2026-11-10,Mouse,Accessories,Izmir,8,1228.05,9824.4
2026-04-06,Mouse,Accessories,Antalya,2,1254.61,2509.22
2026-04-18,Tablet,Electronics,Istanbul,5,15913.21,79566.05
2026-07-01,Keyboard,Accessories,Antalya,1,2643.61,2643.61
2026-11-16,Keyboard,Accessories,Istanbul,4,2385.11,9540.44
2026-07-20,Tablet,Electronics,Bursa,1,15522.43,15522.43
2026-09-11,Webcam,Accessories,Istanbul,2,3059.6,6119.2
2026-10-23,Tablet,Electronics,Antalya,3,15850.76,47552.28
2026-02-07,Mouse,Accessories,Bursa,6,1228.51,7371.06
2026-11-28,Keyboard,Accessories,Ankara,2,2515.66,5031.32
2026-06-03,Headphones,Electronics,Bursa,3,3303.67,9911.01
2026-02-11,Headphones,Electronics,Ankara,4,3798.31,15193.24
2026-07-25,Laptop,Electronics,Izmir,1,34636.73,34636.73
2026-02-22,Laptop,Electronics,Adana,7,33325.15,233276.05
2026-02-19,Keyboard,Accessories,Izmir,7,2533.4,17733.8
2026-07-24,Webcam,Accessories,Adana,8,3074.79,24598.32
2026-04-19,Laptop,Electronics,Adana,6,33634.87,201809.22
2026-09-02,Keyboard,Accessories,Antalya,3,2713.19,8139.57
2026-05-15,Webcam,Accessories,Bursa,9,3214.61,28931.49
2026-12-12,Mouse,Accessories,Antalya,1,1230.87,1230.87
2026-01-04,Tablet,Electronics,Antalya,2,16217.7,32435.4
2026-02-03,Monitor,Electronics,Istanbul,8,9194.25,73554.0
2026-11-20,Mouse,Accessories,Ankara,9,1190.01,10710.09
2026-04-16,Webcam,Accessories,Ankara,6,2951.56,17709.36
2026-11-22,Keyboard,Accessories,Antalya,5,2506.13,12530.65
2026-05-02,Tablet,Electronics,Izmir,5,14233.65,71168.25
2026-12-15,Headphones,Electronics,Bursa,4,3218.72,12874.88
2026-01-13,Monitor,Electronics,Bursa,3,8980.14,26940.42
2026-09-29,Monitor,Electronics,Istanbul,1,8002.79,8002.79
2026-11-27,Tablet,Electronics,Antalya,3,16146.73,48440.19
2026-04-25,Headphones,Electronics,Ankara,6,3256.56,19539.36
2026-03-31,Laptop,Electronics,Ankara,6,35598.93,213593.58
2026-02-09,Keyboard,Accessories,Adana,7,2457.68,17203.76
2026-08-06,Tablet,Electronics,Istanbul,8,14536.24,116289.92
2026-11-15,Webcam,Accessories,Izmir,1,3086.93,3086.93
2026-10-22,Headphones,Electronics,Bursa,3,3585.95,10757.85
2026-09-14,Tablet,Electronics,Ankara,1,14461.07,14461.07
2026-02-11,Headphones,Electronics,Adana,5,3545.47,17727.35
2026-08-10,Phone,Electronics,Antalya,7,20777.0,145439.0
2026-06-30,Tablet,Electronics,Adana,8,14396.57,115172.56
2026-04-14,Tablet,Electronics,Izmir,8,15854.05,126832.4
2026-07-06,Webcam,Accessories,Izmir,7,2775.72,19430.04
2026-07-23,Tablet,Electronics,Izmir,5,14439.49,72197.45
2026-10-14,Keyboard,Accessories,Bursa,2,2619.65,5239.3
2026-03-23,Webcam,Accessories,Istanbul,8,2849.4,22795.2
2026-01-05,Webcam,Accessories,Bursa,6,3254.83,19528.98
2026-12-27,Monitor,Electronics,Izmir,9,7977.84,71800.56
2026-05-13,Monitor,Electronics,Adana,3,8072.53,24217.59
2026-02-16,Headphones,Electronics,Izmir,5,3642.6,18213.0
2026-08-31,Headphones,Electronics,Istanbul,6,3173.03,19038.18
2026-12-05,Webcam,Accessories,Antalya,4,3121.59,12486.36
2026-01-23,Phone,Electronics,Bursa,2,20552.48,41104.96
2026-06-08,Tablet,Electronics,Adana,2,14945.67,29891.34
2026-12-05,Monitor,Electronics,Istanbul,6,8727.28,52363.68
2026-07-09,Monitor,Electronics,Bursa,7,9094.3,63660.1
2026-11-17,Phone,Electronics,Adana,2,21593.33,43186.66
2026-05-05,Phone,Electronics,Izmir,5,22447.69,112238.45
2026-08-02,Webcam,Accessories,Istanbul,9,2790.73,25116.57
2026-12-08,Webcam,Accessories,Antalya,7,2781.73,19472.11
2026-08-11,Laptop,Electronics,Izmir,1,38058.05,38058.05
2026-04-14,Monitor,Electronics,Istanbul,3,9128.61,27385.83
2026-07-21,Tablet,Electronics,Ankara,6,15468.94,92813.64
2026-08-06,Phone,Electronics,Ankara,3,21966.2,65898.6
2026-09-29,Tablet,Electronics,Izmir,6,16395.31,98371.86
2026-08-14,Tablet,Electronics,Adana,4,15465.22,61860.88
2026-10-27,Tablet,Electronics,Istanbul,1,15261.86,15261.86
2026-05-17,Headphones,Electronics,Adana,8,3421.8,27374.4
2026-07-27,Tablet,Electronics,Ankara,5,16040.88,80204.4
2026-12-05,Webcam,Accessories,Ankara,2,3133.84,6267.68
2026-07-14,Monitor,Electronics,Istanbul,6,9184.82,55108.92
2026-05-26,Mouse,Accessories,Ankara,8,1302.5,10420.0
2026-10-15,Phone,Electronics,Bursa,6,20310.57,121863.42
2026-11-13,Headphones,Electronics,Izmir,6,3821.65,22929.9
2026-02-15,Phone,Electronics,Ankara,5,22427.98,112139.9
2026-10-19,Webcam,Accessories,Antalya,7,3164.61,22152.27
2026-11-26,Keyboard,Accessories,Adana,2,2553.3,5106.6
2026-05-03,Keyboard,Accessories,Istanbul,8,2400.31,19202.48
2026-12-07,Webcam,Accessories,Bursa,2,2914.07,5828.14
2026-06-28,Phone,Electronics,Ankara,4,20134.46,80537.84
2026-06-27,Keyboard,Accessories,Istanbul,5,2313.73,11568.65
2026-12-18,Monitor,Electronics,Izmir,8,7822.33,62578.64
2026-05-16,Keyboard,Accessories,Antalya,3,2543.48,7630.44
2026-01-13,Keyboard,Accessories,Antalya,6,2394.96,14369.76
2026-09-15,Laptop,Electronics,Antalya,5,38446.91,192234.55
2026-06-11,Monitor,Electronics,Istanbul,2,8917.74,17835.48
2026-12-21,Keyboard,Accessories,Bursa,10,2366.67,23666.7
2026-10-23,Keyboard,Accessories,Ankara,9,2550.93,22958.37
2026-08-12,Webcam,Accessories,Bursa,1,2724.09,2724.09
2026-07-04,Tablet,Electronics,Antalya,7,14806.17,103643.19
2026-03-07,Phone,Electronics,Izmir,9,23034.73,207312.57
2026-06-15,Tablet,Electronics,Ankara,8,15960.37,127682.96
2026-02-24,Mouse,Accessories,Ankara,6,1165.44,6992.64
2026-02-23,Headphones,Electronics,Istanbul,4,3455.78,13823.12
2026-11-30,Laptop,Electronics,Adana,9,38086.16,342775.44
2026-02-17,Mouse,Accessories,Antalya,2,1104.08,2208.16
2026-08-03,Keyboard,Accessories,Istanbul,4,2430.34,9721.36
2026-11-22,Mouse,Accessories,Istanbul,2,1276.02,2552.04
2026-07-25,Monitor,Electronics,Bursa,9,8241.04,74169.36
2026-08-16,Laptop,Electronics,Izmir,6,33507.27,201043.62
2026-10-31,Laptop,Electronics,Istanbul,2,36377.57,72755.14
2026-07-27,Mouse,Accessories,Antalya,3,1218.64,3655.92
2026-06-30,Monitor,Electronics,Izmir,10,8956.94,89569.4
2026-10-05,Webcam,Accessories,Istanbul,7,3194.56,22361.92
2026-07-15,Mouse,Accessories,Izmir,8,1288.16,10305.28
2026-03-10,Keyboard,Accessories,Istanbul,10,2537.59,25375.9
2026-08-10,Keyboard,Accessories,Izmir,2,2652.91,5305.82
2026-10-07,Phone,Electronics,Antalya,3,23377.23,70131.69
2026-04-06,Tablet,Electronics,Bursa,3,16404.59,49213.77
2026-12-07,Mouse,Accessories,Istanbul,7,1091.76,7642.32
2026-05-30,Mouse,Accessories,Ankara,8,1290.62,10324.96
2026-06-09,Keyboard,Accessories,Bursa,2,2702.97,5405.94
2026-10-30,Laptop,Electronics,Antalya,5,35416.63,177083.15
2026-11-14,Tablet,Electronics,Bursa,5,15078.41,75392.05
2026-03-15,Phone,Electronics,Izmir,10,23539.31,235393.1
2026-03-13,Monitor,Electronics,Istanbul,8,9328.06,74624.48
2026-03-26,Laptop,Electronics,Adana,4,31799.74,127198.96
2026-11-24,Laptop,Electronics,Antalya,6,37744.61,226467.66
2026-06-09,Tablet,Electronics,Izmir,2,15180.12,30360.24
2026-11-05,Mouse,Accessories,Antalya,2,1200.31,2400.62
2026-10-05,Laptop,Electronics,Ankara,9,35825.06,322425.54
2026-02-23,Headphones,Electronics,Adana,2,3191.22,6382.44
2026-10-15,Mouse,Accessories,Izmir,8,1265.37,10122.96
2026-07-15,Laptop,Electronics,Adana,6,34386.71,206320.26
2026-08-30,Mouse,Accessories,Bursa,3,1154.41,3463.23
2026-04-28,Keyboard,Accessories,Istanbul,10,2672.61,26726.1
2026-09-21,Headphones,Electronics,Izmir,2,3372.99,6745.98
2026-09-19,Headphones,Electronics,Adana,1,3766.82,3766.82
2026-01-03,Headphones,Electronics,Istanbul,2,3213.94,6427.88
2026-08-22,Mouse,Accessories,Bursa,1,1170.52,1170.52
2026-08-30,Phone,Electronics,Izmir,9,21548.69,193938.21
2026-10-22,Monitor,Electronics,Antalya,5,8935.14,44675.7
2026-03-09,Webcam,Accessories,Adana,1,2924.11,2924.11
2026-10-07,Tablet,Electronics,Bursa,6,14151.65,84909.9
2026-07-21,Monitor,Electronics,Izmir,3,8910.85,26732.55
2026-01-08,Mouse,Accessories,Ankara,3,1315.85,3947.55
2026-05-25,Phone,Electronics,Ankara,4,22092.71,88370.84
2026-04-04,Tablet,Electronics,Izmir,3,13754.38,41263.14
2026-01-18,Phone,Electronics,Istanbul,5,21798.09,108990.45
2026-05-24,Tablet,Electronics,Izmir,3,16214.49,48643.47
2026-12-25,Laptop,Electronics,Istanbul,4,34333.29,137333.16
2026-12-30,Headphones,Electronics,Izmir,10,3578.7,35787.0
2026-04-01,Webcam,Accessories,Antalya,4,2762.83,11051.32
2026-05-09,Keyboard,Accessories,Adana,1,2374.41,2374.41
2026-12-24,Keyboard,Accessories,Bursa,1,2513.78,2513.78
2026-06-01,Laptop,Electronics,Ankara,2,38266.9,76533.8
2026-11-25,Webcam,Accessories,Antalya,10,3106.67,31066.7
2026-04-14,Keyboard,Accessories,Bursa,2,2444.53,4889.06
2026-10-30,Headphones,Electronics,Izmir,7,3724.63,26072.41
2026-08-17,Keyboard,Accessories,Adana,7,2676.24,18733.68
2026-10-11,Headphones,Electronics,Istanbul,2,3496.2,6992.4
2026-02-14,Monitor,Electronics,Antalya,10,8272.84,82728.4
2026-03-05,Monitor,Electronics,Ankara,5,8512.68,42563.4
2026-12-17,Phone,Electronics,Adana,2,23601.8,47203.6
2026-12-14,Phone,Electronics,Antalya,5,21146.17,105730.85
2026-06-15,Phone,Electronics,Adana,5,19901.39,99506.95
2026-04-23,Headphones,Electronics,Bursa,9,3283.18,29548.62
2026-05-27,Keyboard,Accessories,Izmir,6,2708.58,16251.48
2026-09-29,Webcam,Accessories,Bursa,2,3273.18,6546.36
2026-08-20,Monitor,Electronics,Ankara,2,8851.22,17702.44
2026-04-30,Mouse,Accessories,Adana,8,1272.79,10182.32
2026-08-22,Webcam,Accessories,Istanbul,8,3111.55,24892.4
2026-05-12,Laptop,Electronics,Adana,9,37497.83,337480.47
2026-04-27,Mouse,Accessories,Izmir,9,1269.25,11423.25
2026-04-12,Mouse,Accessories,Antalya,9,1100.36,9903.24
2026-06-25,Monitor,Electronics,Izmir,3,8961.58,26884.74
2026-02-16,Keyboard,Accessories,Antalya,5,2488.72,12443.6
2026-12-12,Mouse,Accessories,Bursa,8,1080.32,8642.56
2026-02-17,Headphones,Electronics,Istanbul,7,3496.69,24476.83
2026-12-19,Laptop,Electronics,Antalya,2,35770.31,71540.62
2026-12-17,Keyboard,Accessories,Izmir,6,2590.18,15541.08
2026-05-20,Monitor,Electronics,Istanbul,2,9333.55,18667.1
2026-02-13,Monitor,Electronics,Antalya,5,8027.65,40138.25
2026-04-21,Webcam,Accessories,Antalya,9,3154.24,28388.16
2026-01-11,Tablet,Electronics,Adana,3,13822.84,41468.52
2026-04-28,Phone,Electronics,Adana,4,22211.6,88846.4
2026-01-13,Phone,Electronics,Izmir,8,23530.5,188244.0
2026-01-15,Phone,Electronics,Adana,7,22684.95,158794.65
2026-04-07,Keyboard,Accessories,Antalya,2,2460.19,4920.38
2026-10-02,Headphones,Electronics,Adana,3,3288.54,9865.62
2026-09-10,Headphones,Electronics,Adana,7,3562.87,24940.09
2026-09-11,Webcam,Accessories,Izmir,7,3007.01,21049.07
2026-01-09,Mouse,Accessories,Antalya,9,1169.5,10525.5
2026-03-02,Mouse,Accessories,Ankara,2,1273.39,2546.78
2026-11-09,Phone,Electronics,Bursa,9,22231.76,200085.84
2026-06-11,Mouse,Accessories,Antalya,3,1163.23,3489.69
2026-01-24,Tablet,Electronics,Bursa,1,13679.0,13679.0
2026-04-03,Tablet,Electronics,Istanbul,7,13772.8,96409.6
2026-12-31,Laptop,Electronics,Antalya,10,31952.33,319523.3
2026-08-04,Mouse,Accessories,Izmir,9,1150.44,10353.96
2026-04-04,Tablet,Electronics,Ankara,9,15802.44,142221.96
2026-06-24,Mouse,Accessories,Ankara,8,1162.28,9298.24
2026-08-05,Monitor,Electronics,Istanbul,1,8516.15,8516.15
2026-01-27,Laptop,Electronics,Ankara,10,33263.45,332634.5
2026-05-20,Mouse,Accessories,Izmir,10,1284.62,12846.2
2026-05-31,Webcam,Accessories,Adana,6,2959.87,17759.22
2026-02-21,Monitor,Electronics,Ankara,6,9267.58,55605.48
2026-04-08,Mouse,Accessories,Bursa,7,1206.28,8443.96
2026-03-24,Tablet,Electronics,Istanbul,9,14250.76,128256.84
2026-10-23,Mouse,Accessories,Antalya,7,1160.36,8122.52
2026-06-12,Monitor,Electronics,Antalya,2,8306.53,16613.06
2026-06-15,Monitor,Electronics,Bursa,6,8983.95,53903.7
2026-06-07,Webcam,Accessories,Antalya,7,3128.29,21898.03
2026-07-22,Keyboard,Accessories,Izmir,2,2604.82,5209.64
2026-08-22,Keyboard,Accessories,Bursa,9,2636.79,23731.11
2026-10-01,Keyboard,Accessories,Adana,3,2615.85,7847.55
2026-12-30,Keyboard,Accessories,Antalya,10,2636.85,26368.5
2026-01-18,Mouse,Accessories,Bursa,7,1220.56,8543.92
2026-05-13,Monitor,Electronics,Adana,9,8256.31,74306.79
2026-06-18,Tablet,Electronics,Izmir,8,16081.21,128649.68
2026-03-07,Tablet,Electronics,Istanbul,9,13501.56,121514.04
2026-06-18,Monitor,Electronics,Bursa,3,8302.0,24906.0
2026-02-17,Tablet,Electronics,Adana,10,15191.95,151919.5
2026-05-19,Mouse,Accessories,Adana,3,1187.32,3561.96
2026-11-08,Webcam,Accessories,Izmir,9,2942.23,26480.07
2026-04-23,Tablet,Electronics,Ankara,2,14899.99,29799.98
2026-12-17,Headphones,Electronics,Izmir,6,3471.04,20826.24
2026-02-24,Phone,Electronics,Istanbul,8,24195.85,193566.8
2026-10-18,Phone,Electronics,Izmir,8,21707.82,173662.56
2026-12-06,Headphones,Electronics,Izmir,10,3302.43,33024.3
2026-02-21,Keyboard,Accessories,Adana,9,2288.59,20597.31
2026-11-24,Headphones,Electronics,Izmir,2,3291.42,6582.84
2026-11-02,Headphones,Electronics,Bursa,9,3517.02,31653.18
2026-01-22,Laptop,Electronics,Bursa,6,34488.51,206931.06
2026-07-15,Webcam,Accessories,Istanbul,5,2854.36,14271.8
2026-05-24,Laptop,Electronics,Izmir,2,36294.93,72589.86
2026-10-03,Headphones,Electronics,Ankara,6,3736.09,22416.54
2026-07-17,Headphones,Electronics,Ankara,6,3441.89,20651.34
2026-03-04,Laptop,Electronics,Ankara,5,34896.24,174481.2
2026-07-13,Laptop,Electronics,Antalya,3,32837.01,98511.03
2026-05-03,Tablet,Electronics,Antalya,3,14884.69,44654.07
2026-12-09,Phone,Electronics,Izmir,3,20183.67,60551.01
2026-07-14,Mouse,Accessories,Izmir,5,1245.27,6226.35
2026-11-02,Mouse,Accessories,Izmir,8,1165.88,9327.04
2026-04-11,Keyboard,Accessories,Adana,4,2660.11,10640.44
2026-05-14,Tablet,Electronics,Bursa,5,14897.3,74486.5
2026-09-29,Tablet,Electronics,Antalya,4,14847.81,59391.24
2026-07-10,Headphones,Electronics,Ankara,8,3798.0,30384.0
2026-10-14,Phone,Electronics,Bursa,4,20574.22,82296.88
2026-12-02,Monitor,Electronics,Izmir,6,8525.33,51151.98
2026-04-08,Phone,Electronics,Istanbul,7,23442.63,164098.41
2026-10-16,Monitor,Electronics,Izmir,8,8035.4,64283.2
2026-03-11,Tablet,Electronics,Ankara,5,14565.21,72826.05
2026-07-04,Monitor,Electronics,Izmir,1,8426.54,8426.54
2026-01-22,Keyboard,Accessories,Bursa,4,2667.2,10668.8
2026-02-16,Laptop,Electronics,Izmir,4,38322.56,153290.24
2026-05-22,Webcam,Accessories,Adana,1,3019.27,3019.27
2026-03-01,Headphones,Electronics,Istanbul,8,3626.3,29010.4
2026-04-19,Phone,Electronics,Ankara,2,23179.56,46359.12
2026-01-18,Tablet,Electronics,Izmir,5,14548.48,72742.4
2026-05-06,Mouse,Accessories,Antalya,5,1201.53,6007.65
2026-07-24,Laptop,Electronics,Izmir,7,36735.5,257148.5
2026-05-17,Monitor,Electronics,Antalya,7,7907.51,55352.57
2026-08-19,Headphones,Electronics,Izmir,3,3571.52,10714.56
2026-07-27,Headphones,Electronics,Ankara,2,3470.84,6941.68
2026-01-17,Mouse,Accessories,Adana,3,1111.42,3334.26
2026-10-25,Mouse,Accessories,Adana,2,1109.65,2219.3
2026-01-30,Phone,Electronics,Bursa,3,23054.38,69163.14
2026-06-30,Webcam,Accessories,Izmir,10,3272.94,32729.4
2026-06-12,Keyboard,Accessories,Izmir,8,2274.35,18194.8
2026-04-09,Laptop,Electronics,Adana,9,35069.55,315625.95
2026-05-28,Phone,Electronics,Ankara,2,21192.29,42384.58
2026-06-17,Keyboard,Accessories,Istanbul,10,2264.42,22644.2
2026-05-18,Keyboard,Accessories,Antalya,4,2278.93,9115.72
2026-02-25,Webcam,Accessories,Adana,7,3016.28,21113.96
2026-02-17,Monitor,Electronics,Bursa,8,8049.03,64392.24
2026-08-06,Headphones,Electronics,Ankara,7,3713.82,25996.74
2026-11-21,Phone,Electronics,Bursa,6,20345.01,122070.06
2026-11-06,Laptop,Electronics,Ankara,10,33162.06,331620.6
2026-12-14,Tablet,Electronics,Ankara,2,14935.68,29871.36
2026-08-05,Laptop,Electronics,Izmir,8,33818.52,270548.16
2026-01-04,Headphones,Electronics,Istanbul,3,3230.61,9691.83
2026-03-17,Headphones,Electronics,Adana,3,3165.71,9497.13
2026-12-01,Webcam,Accessories,Istanbul,6,2713.32,16279.92
2026-09-23,Tablet,Electronics,Izmir,7,15580.45,109063.15
2026-03-10,Tablet,Electronics,Istanbul,1,15927.44,15927.44
2026-04-15,Monitor,Electronics,Istanbul,7,8327.31,58291.17
2026-12-12,Phone,Electronics,Istanbul,10,21397.19,213971.9
2026-07-16,Phone,Electronics,Istanbul,3,20049.04,60147.12
2026-08-25,Phone,Electronics,Ankara,9,22873.95,205865.55
2026-11-20,Headphones,Electronics,Bursa,3,3811.54,11434.62
2026-04-10,Mouse,Accessories,Ankara,4,1095.49,4381.96
2026-08-30,Monitor,Electronics,Ankara,5,8438.74,42193.7
2026-04-17,Keyboard,Accessories,Ankara,7,2562.03,17934.21
2026-03-16,Monitor,Electronics,Izmir,5,8164.95,40824.75
2026-02-16,Keyboard,Accessories,Izmir,6,2266.08,13596.48
2026-05-21,Webcam,Accessories,Adana,8,2825.98,22607.84
2026-12-14,Monitor,Electronics,Antalya,10,8455.61,84556.1
2026-02-20,Tablet,Electronics,Bursa,1,16182.26,16182.26
2026-11-11,Phone,Electronics,Ankara,1,20148.07,20148.07
2026-11-04,Webcam,Accessories,Bursa,2,2737.63,5475.26
2026-08-22,Monitor,Electronics,Bursa,4,9341.25,37365.0
2026-04-17,Mouse,Accessories,Istanbul,9,1226.31,11036.79
2026-09-08,Tablet,Electronics,Antalya,2,15466.42,30932.84
2026-02-16,Laptop,Electronics,Istanbul,2,36788.43,73576.86
2026-02-18,Mouse,Accessories,Adana,4,1243.17,4972.68
2026-07-11,Monitor,Electronics,Antalya,2,8121.98,16243.96
2026-09-08,Keyboard,Accessories,Istanbul,10,2577.7,25777.0
2026-08-23,Tablet,Electronics,Izmir,7,13733.3,96133.1
2026-09-14,Laptop,Electronics,Istanbul,10,36354.41,363544.1
2026-06-07,Mouse,Accessories,Ankara,1,1117.0,1117.0
2026-04-03,Phone,Electronics,Adana,7,22183.57,155284.99
2026-08-01,Mouse,Accessories,Ankara,4,1106.41,4425.64
2026-04-15,Mouse,Accessories,Ankara,1,1199.33,1199.33
2026-03-11,Laptop,Electronics,Antalya,10,35084.4,350844.0
2026-11-09,Headphones,Electronics,Izmir,3,3783.58,11350.74
2026-04-04,Keyboard,Accessories,Adana,8,2748.27,21986.16
2026-07-19,Phone,Electronics,Istanbul,6,21067.82,126406.92
2026-12-01,Phone,Electronics,Bursa,4,21551.18,86204.72
2026-05-27,Keyboard,Accessories,Ankara,6,2364.64,14187.84
2026-12-16,Keyboard,Accessories,Ankara,1,2498.11,2498.11
2026-04-17,Monitor,Electronics,Istanbul,7,8889.79,62228.53
2026-09-11,Monitor,Electronics,Ankara,6,9135.36,54812.16
2026-03-19,Phone,Electronics,Bursa,3,22967.37,68902.11
2026-05-28,Phone,Electronics,Adana,1,22217.07,22217.07
2026-06-10,Monitor,Electronics,Izmir,6,9135.7,54814.2
2026-04-27,Phone,Electronics,Bursa,8,22905.96,183247.68
2026-01-06,Webcam,Accessories,Izmir,4,3272.37,13089.48
2026-05-30,Laptop,Electronics,Ankara,4,35910.87,143643.48
2026-03-09,Webcam,Accessories,Istanbul,2,2870.53,5741.06
2026-12-25,Monitor,Electronics,Izmir,2,8906.37,17812.74
2026-02-01,Tablet,Electronics,Izmir,5,15170.41,75852.05
2026-02-04,Webcam,Accessories,Antalya,5,2883.22,14416.1
2026-10-24,Tablet,Electronics,Izmir,8,16485.04,131880.32
2026-11-18,Tablet,Electronics,Antalya,3,13697.66,41092.98
2026-09-13,Monitor,Electronics,Bursa,3,8186.52,24559.56
2026-04-14,Laptop,Electronics,Istanbul,10,32814.85,328148.5
2026-07-26,Monitor,Electronics,Izmir,8,7826.05,62608.4
2026-08-09,Mouse,Accessories,Ankara,4,1093.55,4374.2
2026-04-07,Phone,Electronics,Ankara,2,22674.86,45349.72
2026-11-28,Webcam,Accessories,Antalya,7,3288.07,23016.49
2026-07-08,Tablet,Electronics,Izmir,7,14380.97,100666.79
2026-05-02,Laptop,Electronics,Bursa,9,38246.61,344219.49
2026-05-09,Laptop,Electronics,Istanbul,3,35853.53,107560.59
2026-06-14,Tablet,Electronics,Istanbul,7,14429.35,101005.45
2026-11-26,Phone,Electronics,Adana,1,23851.93,23851.93
2026-09-10,Monitor,Electronics,Istanbul,5,7991.39,39956.95
2026-12-05,Webcam,Accessories,Bursa,5,3050.69,15253.45
2026-04-11,Webcam,Accessories,Ankara,6,3287.76,19726.56
2026-12-22,Phone,Electronics,Istanbul,8,22044.46,176355.68
2026-02-18,Tablet,Electronics,Bursa,8,14049.97,112399.76
2026-05-15,Keyboard,Accessories,Ankara,10,2486.34,24863.4
2026-09-01,Monitor,Electronics,Izmir,9,7986.18,71875.62
2026-02-10,Keyboard,Accessories,Ankara,2,2262.6,4525.2
2026-01-26,Laptop,Electronics,Ankara,2,37312.3,74624.6
2026-07-24,Headphones,Electronics,Istanbul,1,3683.39,3683.39
2026-11-26,Headphones,Electronics,Antalya,9,3414.41,30729.69
2026-03-18,Tablet,Electronics,Adana,10,15340.55,153405.5
2026-09-09,Tablet,Electronics,Izmir,1,14713.7,14713.7
2026-08-24,Headphones,Electronics,Adana,2,3796.16,7592.32
2026-01-11,Laptop,Electronics,Adana,7,32923.06,230461.42
2026-09-23,Mouse,Accessories,Izmir,8,1273.97,10191.76
2026-04-24,Laptop,Electronics,Bursa,6,33788.81,202732.86
2026-09-01,Tablet,Electronics,Antalya,2,13784.38,27568.76
2026-01-04,Monitor,Electronics,Adana,9,7782.28,70040.52
2026-03-18,Headphones,Electronics,Izmir,7,3570.96,24996.72
2026-02-18,Tablet,Electronics,Istanbul,1,16312.91,16312.91
2026-07-24,Headphones,Electronics,Istanbul,1,3515.83,3515.83
2026-11-24,Monitor,Electronics,Istanbul,4,8810.75,35243.0
2026-08-27,Webcam,Accessories,Bursa,10,2778.54,27785.4
2026-04-22,Mouse,Accessories,Antalya,2,1085.43,2170.86
2026-12-29,Headphones,Electronics,Antalya,1,3841.89,3841.89
2026-05-26,Keyboard,Accessories,Antalya,5,2432.68,12163.4
2026-01-09,Webcam,Accessories,Adana,5,2743.43,13717.15
2026-06-16,Phone,Electronics,Antalya,6,22741.5,136449.0
2026-12-09,Monitor,Electronics,Istanbul,8,8261.05,66088.4
2026-08-24,Laptop,Electronics,Antalya,3,36738.36,110215.08
2026-01-20,Webcam,Accessories,Istanbul,3,2741.04,8223.12
2026-04-10,Webcam,Accessories,Izmir,1,2992.9,2992.9
2026-03-05,Webcam,Accessories,Bursa,6,2753.77,16522.62
2026-03-01,Keyboard,Accessories,Antalya,2,2356.06,4712.12
2026-10-23,Tablet,Electronics,Antalya,1,14289.59,14289.59
2026-05-13,Laptop,Electronics,Bursa,6,32297.41,193784.46
2026-04-11,Phone,Electronics,Istanbul,10,21814.74,218147.4
2026-11-10,Webcam,Accessories,Izmir,6,3144.66,18867.96
2026-09-10,Laptop,Electronics,Bursa,9,35579.2,320212.8
2026-11-15,Tablet,Electronics,Istanbul,4,15388.08,61552.32
2026-10-08,Webcam,Accessories,Istanbul,2,3239.8,6479.6
2026-07-07,Mouse,Accessories,Adana,4,1200.39,4801.56
2026-12-24,Monitor,Electronics,Izmir,3,8817.85,26453.55
2026-01-17,Webcam,Accessories,Antalya,3,2960.74,8882.22
2026-05-27,Keyboard,Accessories,Bursa,7,2369.28,16584.96
2026-04-15,Mouse,Accessories,Ankara,6,1107.64,6645.84
2026-09-20,Monitor,Electronics,Istanbul,6,8186.95,49121.7
2026-01-13,Mouse,Accessories,Bursa,4,1189.92,4759.68
2026-02-08,Monitor,Electronics,Antalya,5,9202.44,46012.2
2026-04-05,Keyboard,Accessories,Antalya,6,2431.08,14586.48
2026-05-28,Phone,Electronics,Izmir,10,20524.52,205245.2
2026-07-27,Keyboard,Accessories,Bursa,6,2697.02,16182.12
2026-10-26,Laptop,Electronics,Bursa,6,34302.42,205814.52
2026-11-18,Keyboard,Accessories,Ankara,5,2465.65,12328.25
2026-03-13,Mouse,Accessories,Izmir,1,1219.84,1219.84
2026-01-05,Laptop,Electronics,Bursa,10,32354.98,323549.8
2026-05-14,Monitor,Electronics,Adana,10,7764.81,77648.1
2026-04-16,Webcam,Accessories,Istanbul,7,3263.0,22841.0
2026-12-14,Keyboard,Accessories,Ankara,1,2638.35,2638.35
2026-08-12,Headphones,Electronics,Ankara,7,3541.33,24789.31
2026-08-09,Webcam,Accessories,Adana,4,2945.43,11781.72
2026-03-23,Headphones,Electronics,Ankara,7,3779.99,26459.93
2026-07-31,Webcam,Accessories,Bursa,3,3275.36,9826.08
2026-06-01,Mouse,Accessories,Istanbul,10,1230.09,12300.9
2026-06-24,Laptop,Electronics,Adana,10,34818.07,348180.7
2026-12-25,Headphones,Electronics,Ankara,9,3767.62,33908.58
2026-10-25,Tablet,Electronics,Adana,2,15141.41,30282.82
2026-04-17,Keyboard,Accessories,Antalya,2,2461.11,4922.22
2026-04-20,Phone,Electronics,Antalya,5,21643.05,108215.25
2026-10-31,Tablet,Electronics,Antalya,5,16327.28,81636.4
2026-09-02,Webcam,Accessories,Antalya,2,3256.75,6513.5
2026-12-14,Tablet,Electronics,Antalya,4,14085.68,56342.72
2026-03-25,Tablet,Electronics,Izmir,6,14063.99,84383.94
2026-04-15,Tablet,Electronics,Ankara,5,13951.75,69758.75
2026-09-13,Tablet,Electronics,Bursa,10,15347.01,153470.1
2026-10-29,Keyboard,Accessories,Istanbul,2,2552.64,5105.28
2026-03-29,Tablet,Electronics,Bursa,8,14552.01,116416.08
2026-07-16,Webcam,Accessories,Izmir,6,2701.16,16206.96
2026-11-19,Laptop,Electronics,Antalya,8,33958.35,271666.8
2026-06-01,Keyboard,Accessories,Izmir,7,2547.63,17833.41
2026-12-28,Phone,Electronics,Ankara,4,20064.78,80259.12
2026-04-19,Tablet,Electronics,Bursa,1,15333.04,15333.04
2026-12-30,Mouse,Accessories,Bursa,5,1085.02,5425.1
2026-04-11,Mouse,Accessories,Izmir,7,1170.5,8193.5
2026-03-12,Monitor,Electronics,Antalya,2,8007.98,16015.96
2026-12-12,Headphones,Electronics,Bursa,5,3227.95,16139.75
2026-09-26,Keyboard,Accessories,Antalya,10,2749.04,27490.4
2026-01-12,Keyboard,Accessories,Antalya,8,2611.2,20889.6
2026-10-08,Phone,Electronics,Istanbul,6,23264.8,139588.8
2026-02-17,Webcam,Accessories,Antalya,10,3026.73,30267.3
2026-06-09,Laptop,Electronics,Izmir,1,35483.8,35483.8
2026-10-29,Laptop,Electronics,Antalya,3,38294.67,114884.01
2026-05-07,Headphones,Electronics,Izmir,5,3424.31,17121.55
2026-08-19,Webcam,Accessories,Ankara,6,2803.91,16823.46
2026-03-25,Mouse,Accessories,Adana,9,1289.69,11607.21
2026-02-09,Keyboard,Accessories,Bursa,5,2572.78,12863.9
2026-08-14,Headphones,Electronics,Izmir,9,3667.5,33007.5
2026-07-25,Mouse,Accessories,Adana,2,1223.21,2446.42
